Instagram Usernames,Email
bollywoodhelpline,
kzvisha,
dalebhagwagarmediagroup,
universal_communications,
raindropmedia,
bollywoodpr.in,
pooja.dadlani,
poonam.damania,
susan.rodrigues,
anuj_chuke_bollywood,
lipikaverma,
nalinvora,
tito_films,
kkamra,
krystledsouza,
shraddhakapoor,
mallikasherawat,
amitabhbachchan,
rapid_kings_talent_management,
anujmehta25,
dcatalent,
yashrajfilmstalent,
rajkumar.casting,
tmtalentmanagement,
hypenq_pr,
dale.bhagwagar,
offbeatmediain,
bollywoodpr.in,
pragyashreepr,
universal_communications,
redchilliesent,
maddockfilms,
shineindiafilmproduction,
tito_films,
yashrajfilms,
dharmamovies,
offlinefilmmakers,
castings_byvidhu,
indiacastingagency,
bollywoodcastings,
kavishsinha,
thecastingcompany,
showcasecurate,
talentrack,
filmydosty,
modelsmafia,
ayanmukerji,
zoyaakhtar,
aliaabhatt,
ranveersingh,
triyamusic,
modash_io,
brightdata,
thescreenpatti,
emmayentertainment,
RedefineVFX,
applauseent,
ritesh_sidwani,
sikhyaent
